CLOCK-20551151,27,407,0.12857142857142856,0.009675962247105532,0.11889546632432303,1.3045371958070019E-21,0.0,15.100656543279493,726.1669952160365,ACLY;AVPR1A;CEBPA;CLPX;CLU;COMT;EIF5;EPHX1;FCGRT;G0S2;GSTA3;HSPA5;IDI1;LAPTM4B;MVD;NSDHL;PCK1;PGRMC1;PMVK;PPP1R3C;PRDX2;PRKCDBP;PSMD4;SLC25A25;TFRC;TSC22D1;ZFP36L1

PPARG-20176806,57,3565,0.2714285714285714,0.08475382164847967,0.18667474978009174,2.2912047568314405E-15,0.0,4.023111404449578,135.61787296269372,ACOX1;ACP2;ACSL1;AKR1D1;ALAS2;APOA1;BTG2;C1QB;CANX;CCL6;CLEC4F;CLPX;CSRP1;CTH;EHHADH;EI24;EPHX1;ERP29;FADS1;FADS2;FBP1;FCGRT;G0S2;G6PC;GDA;GYK;HSPA5;IDI1;IMMT;LDHA;MRPL16;MVK;NFE2L2;PAH;PCK1;PECR;PEMT;PGRMC2;PNRC1;PPP1R3C;PRKCDBP;PRLR;PSMB10;PSMC1;SC4MOL;SCP2;SLC25A20;SLC25A25;SOD1;SRD5A1;SUCLG1;SYPL;TFRC;TPT1;UBL3;VEGFA;ZFP36L1

PPARG-19300518,57,3565,0.2714285714285714,0.08475382164847967,0.18667474978009174,2.2912047568314405E-15,0.0,4.023111404449578,135.61787296269372,ACOX1;ACP2;ACSL1;AKR1D1;ALAS2;APOA1;BTG2;C1QB;CANX;CCL6;CLEC4F;CLPX;CSRP1;CTH;EHHADH;EI24;EPHX1;ERP29;FADS1;FADS2;FBP1;FCGRT;G0S2;G6PC;GDA;GYK;HSPA5;IDI1;IMMT;LDHA;MRPL16;MVK;NFE2L2;PAH;PCK1;PECR;PEMT;PGRMC2;PNRC1;PPP1R3C;PRKCDBP;PRLR;PSMB10;PSMC1;SC4MOL;SCP2;SLC25A20;SLC25A25;SOD1;SRD5A1;SUCLG1;SYPL;TFRC;TPT1;UBL3;VEGFA;ZFP36L1

PPARG-20887899,57,3565,0.2714285714285714,0.08475382164847967,0.18667474978009174,2.2912047568314405E-15,0.0,4.023111404449578,135.61787296269372,ACOX1;ACP2;ACSL1;AKR1D1;ALAS2;APOA1;BTG2;C1QB;CANX;CCL6;CLEC4F;CLPX;CSRP1;CTH;EHHADH;EI24;EPHX1;ERP29;FADS1;FADS2;FBP1;FCGRT;G0S2;G6PC;GDA;GYK;HSPA5;IDI1;IMMT;LDHA;MRPL16;MVK;NFE2L2;PAH;PCK1;PECR;PEMT;PGRMC2;PNRC1;PPP1R3C;PRKCDBP;PRLR;PSMB10;PSMC1;SC4MOL;SCP2;SLC25A20;SLC25A25;SOD1;SRD5A1;SUCLG1;SYPL;TFRC;TPT1;UBL3;VEGFA;ZFP36L1

ZFX-18555785,54,3249,0.2571428571428571,0.07724128093573925,0.17990157620711789,3.2217418454709103E-15,0.0,4.135307905391008,137.99048671520342,ACADL;ACCN3;ACLY;ACOX1;ALDH3A2;ARF5;ATP5C1;ATP5D;BTF3;CANX;CDC42;CLPX;COMT;DYNLL2;EHHADH;FASN;FBXO9;FBXW5;G0S2;HMGN1;HSPA5;LMAN1;MLYCD;NAPA;NDUFS7;NME2;NUDT4;OPRS1;PAPD4;PDIA3;PKLR;PMVK;PPIF;PRDX2;PSMA1;PSMD4;PTTG1IP;RAD23B;RCBTB2;RNF10;RPSA;SC4MOL;SC5D;SCCPDH;SLC25A25;SMAD5;SOD1;SUB1;SYPL;TFRC;TPT1;TXN1;UBE2B;UBL3

TCFAP2C-20176728,48,2667,0.22857142857142856,0.06340489266100849,0.16516653591042008,8.92507030529843E-15,0.0,4.3767862350539515,141.58865037809684,ACADL;ACP2;ADH1;APOE;CANX;CDH1;CSRP1;CXXC5;DDC;EHHADH;EIF5;ERP29;FADS1;FADS2;FAH;FDFT1;GNMT;HMGN1;IMMT;LAPTM4B;LRP1;MRFAP1;NFE2L2;NIPSNAP3A;NNT;NUDT4;PAPD4;PGRMC1;PNRC1;PPP1R3C;PRKCDBP;PSMC1;PTTG1IP;RAD23B;RCBTB2;SCCPDH;SLC22A18;SLC25A20;SOD1;SUB1;TAGLN2;TMEM97;TPT1;TSC22D1;TXN1;VEGFA;WFDC2;ZFP36L1

CREM-20920259,73,5776,0.3476190476190476,0.13731783277464754,0.21030121484440006,1.5023149341076132E-14,0.0,3.3475430677153892,106.54956456507625,ACLY;ACSL1;ACSL3;ARF5;ATP2B1;ATP5C1;ATP5D;BTF3;BTG2;CANX;CDC42;CLPX;COPB2;CXXC5;CYP51;DNPEP;DYNLL2;EIF5;FADS2;FASN;FBXO9;FBXW5;FDFT1;GDI2;HMGN1;HSPA5;IDI1;IMMT;LAPTM4B;LDHA;MDH2;ME1;MIF;MLYCD;MRFAP1;MRPL16;NAPA;NIPSNAP3A;NOTCH2;NUDT4;PAPD4;PDIA3;PECR;PGRMC2;PMVK;PNRC1;PPIF;PRDX2;PSMA1;PTTG1IP;RAD23B;RCBTB2;RNF10;RPSA;SC4MOL;SC5D;SCCPDH;SLC25A25;SMAD5;SOD1;SRD5A1;SUB1;SUCLG1;SYPL;TFRC;TMEM30A;TMEM97;TPT1;TSC22D1;TUBB2C;UBE2B;UBL3;WBP2

CREB1-15753290,51,3057,0.24285714285714285,0.072676699236859,0.17018044362028384,2.012913363938208E-14,0.0,4.0926916881145035,129.06961422881972,ABCB11;ACLY;ALDH3A2;ALDH6A1;AMACR;APOA1;ATP2B1;ATP5D;BTF3;BTG2;C3;CANX;CDC42;CSRP1;CYP51;FADS1;FADS2;FAH;FCGRT;FDFT1;GDI2;HMGN1;HSPA5;IDI1;IMMT;KHK;LAPTM4B;LDHA;MDH2;MRPL16;NAPA;NDUFS7;NIPSNAP3A;NOTCH2;PECR;PGRMC2;PMVK;PPP1R3C;PRLR;PSMA1;PSMD4;PXMP4;RNF10;SLC25A25;TMEM30A;TMEM97;TPT1;TXN1;UBE2B;UBL3;WBP2

CREB1-20920259,51,3057,0.24285714285714285,0.072676699236859,0.17018044362028384,2.012913363938208E-14,0.0,4.0926916881145035,129.06961422881972,ABCB11;ACLY;ALDH3A2;ALDH6A1;AMACR;APOA1;ATP2B1;ATP5D;BTF3;BTG2;C3;CANX;CDC42;CSRP1;CYP51;FADS1;FADS2;FAH;FCGRT;FDFT1;GDI2;HMGN1;HSPA5;IDI1;IMMT;KHK;LAPTM4B;LDHA;MDH2;MRPL16;NAPA;NDUFS7;NIPSNAP3A;NOTCH2;PECR;PGRMC2;PMVK;PPP1R3C;PRLR;PSMA1;PSMD4;PXMP4;RNF10;SLC25A25;TMEM30A;TMEM97;TPT1;TXN1;UBE2B;UBL3;WBP2

FOXA2-19822575,49,2968,0.23333333333333334,0.07056082542852388,0.16277250790480946,1.0928143811001065E-13,0.0,4.008921246923708,119.64565263205799,ABCC6;ACLY;ACOX1;ACP2;ACSL1;ACSL3;AKR1D1;ALDH3A2;ALDH6A1;APOA1;ATP2B1;C3;C4BPA;C9;CDH1;CLPX;CLU;CSAD;CSRP1;CXXC5;DMGDH;EI24;F10;FABP1;FASN;FBP1;FDFT1;G6PC;GBE1;GDI2;IDI1;INSIG2;KHK;LRP1;MVK;NFE2L2;PAH;PCK1;PDIA3;PEMT;PLG;PRG2;PSMA1;RAD23B;TACR1;TMEM30A;TSC22D1;UPB1;VKORC1

HNF4A-19822575,27,1126,0.12857142857142856,0.026769369754891473,0.10180205881653709,2.978411606111617E-11,0.0,5.3640188684739245,130.0079714303624,ABCC6;ACOX1;ACP2;AMACR;APOA1;ATP5G3;CD74;CTH;EHHADH;F10;G0S2;HSPA5;INHBE;LDHA;LRP1;MDH2;ME1;MLYCD;MRPL16;NCLN;NOTCH2;PCK1;SERPINA10;SLC25A20;TPT1;UPB1;VTN

HNF4A-19761587,27,1126,0.12857142857142856,0.026769369754891473,0.10180205881653709,2.978411606111617E-11,0.0,5.3640188684739245,130.0079714303624,ABCC6;ACOX1;ACP2;AMACR;APOA1;ATP5G3;CD74;CTH;EHHADH;F10;G0S2;HSPA5;INHBE;LDHA;LRP1;MDH2;ME1;MLYCD;MRPL16;NCLN;NOTCH2;PCK1;SERPINA10;SLC25A20;TPT1;UPB1;VTN

KDM5B-21448134,50,3724,0.23809523809523808,0.08853386586786487,0.1495613722273732,1.007319887308616E-10,0.0,3.2172227443609023,74.05582738442872,ABCB11;ACLY;ACSL1;ACSL3;ALDH3A2;ATP5C1;BTF3;C9;CANX;CCL6;CDC42;CDH1;COPB2;CSAD;CTH;CXXC5;CYP51;DDC;DYNLL2;EI24;EIF5;ERP29;FADS2;FBXO9;FDFT1;GDI2;HMGN1;HSPA5;IMMT;LMAN1;MDH2;NME2;NUDT4;PAPD4;PDIA3;PNRC1;PPP1R3C;PSMA1;PSMA4;PSMC1;RAD23B;RNF10;SC4MOL;SOD1;SUB1;TAT;TFRC;TMEM97;TTC13;UBE2B

CUX1-19635798,44,3052,0.20952380952380953,0.07255782992178399,0.13696597960202556,1.9823492321489537E-10,0.0,3.3880291809439593,75.69388537441462,ACTA2;APCS;ATP5G3;BTF3;BTG2;C1QB;C4BPA;CDC42;CLU;COPB2;CTH;EBP;FADS2;FBXW5;FDFT1;GCKR;GNMT;HMGN1;HSPA5;INHBE;KYNU;LAPTM4B;MVK;NFE2L2;NME2;NNT;NP;PCK1;PEMT;PKLR;PON1;PRKCDBP;PSMA1;RAD23B;SCP2;SLPI;SOD1;SPP2;SUCLG1;SYPL;TAGLN2;TAT;TEGT;WBP2

CCND1-20090754,36,2137,0.17142857142857143,0.050804745263057796,0.12062382616551363,2.0632755462638208E-10,0.0,3.8654898100785826,86.20643800405125,ACOX1;ALDH6A1;ATP5D;CLPX;COPB2;DNPEP;EIF5;FADS1;FASN;FBXO9;FBXW5;FDFT1;G0S2;HSPA5;IDI1;IMMT;LRP1;MVD;MVK;NAPA;NFE2L2;NNT;PRDX2;PSMA1;PSMB10;SLC25A25;SRD5A1;SYPL;TEGT;TFRC;TSEN34;TUBB2C;UBE2B;VTN;WBP2;ZFP36L1

NRF2-20460467,24,1055,0.11428571428571428,0.02508142548082638,0.0892042888048879,1.1196429958446187E-9,0.0,5.015502216786424,103.37078443666776,ABI1;ATP5G3;AVPR1A;DDC;DYNLL2;EPHX1;FDFT1;GBE1;GDI2;GSTA3;GSTM1;INSIG2;LAPTM4B;MLYCD;PAH;PPIF;PRKCDBP;PTTG1IP;SLPI;SPP2;SUB1;TXN1;UBL3;VEGFA

NFE2L2-20460467,24,1055,0.11428571428571428,0.02508142548082638,0.0892042888048879,1.1196429958446187E-9,0.0,5.015502216786424,103.37078443666776,ABI1;ATP5G3;AVPR1A;DDC;DYNLL2;EPHX1;FDFT1;GBE1;GDI2;GSTA3;GSTM1;INSIG2;LAPTM4B;MLYCD;PAH;PPIF;PRKCDBP;PTTG1IP;SLPI;SPP2;SUB1;TXN1;UBL3;VEGFA

ZFP281-18358816,32,2004,0.1523809523809524,0.04764282148206262,0.10473813089888978,8.401416551490296E-9,0.0,3.593621745273498,66.82291304082081,ACADVL;ACLY;APOE;ATP5G3;CDH1;CSRP1;DYNLL2;EIF5;FADS2;FAH;FASN;FCGRT;G0S2;GNMT;HMGA2;LDHA;LRP1;NAPA;NOTCH2;PDIA3;PGRMC1;PMVK;PRKCDBP;PSMC1;RAD23B;TAGLN2;TFRC;TSC22D1;UBE2B;VEGFA;WFDC2;ZFP36L1

ZFP281-18757296,32,2004,0.1523809523809524,0.04764282148206262,0.10473813089888978,8.401416551490296E-9,0.0,3.593621745273498,66.82291304082081,ACADVL;ACLY;APOE;ATP5G3;CDH1;CSRP1;DYNLL2;EIF5;FADS2;FAH;FASN;FCGRT;G0S2;GNMT;HMGA2;LDHA;LRP1;NAPA;NOTCH2;PDIA3;PGRMC1;PMVK;PRKCDBP;PSMC1;RAD23B;TAGLN2;TFRC;TSC22D1;UBE2B;VEGFA;WFDC2;ZFP36L1

NR0B1-18358816,28,1691,0.13333333333333333,0.040201602358367214,0.09313173097496612,3.8010264200600416E-8,0.0,3.6730200609561936,62.755052222027935,AMACR;APOE;ATP5C1;ATP5G3;BTG2;CDH1;COMT;CSRP1;DPYS;G0S2;GSTA2;HSPA5;NDUFS7;NFE2L2;NUDT4;PGK1;PPIF;PRDX2;PRKCDBP;PTTG1IP;RNF10;SC4MOL;TAGLN2;TFRC;TSEN34;UBE2B;WFDC2;ZFP36L1

TRIM28-17542650,39,3072,0.18571428571428572,0.07303330718208402,0.1126809785322017,7.703225562169575E-8,0.0,2.8947539747807016,47.413295770734734,ABI1;ACSL3;ATP5C1;DYNLL2;FASN;FBXO9;G0S2;GCK;GSTM1;HMGA2;HMGN1;INSIG2;MDH2;MRFAP1;MRPS7;NOTCH2;PAPD4;PDIA3;PNRC1;PPP1R3C;PRDX2;PRKCDBP;PRLR;PRPH1;PSMA4;PTTG1IP;RAD23B;RNF10;SCCPDH;SLC25A25;SOD1;SRD5A1;SUB1;SYPL;TSC22D1;TSEN34;TXN1;VEGFA;VTN

TRIM28-19339689,39,3072,0.18571428571428572,0.07303330718208402,0.1126809785322017,7.703225562169575E-8,0.0,2.8947539747807016,47.413295770734734,ABI1;ACSL3;ATP5C1;DYNLL2;FASN;FBXO9;G0S2;GCK;GSTM1;HMGA2;HMGN1;INSIG2;MDH2;MRFAP1;MRPS7;NOTCH2;PAPD4;PDIA3;PNRC1;PPP1R3C;PRDX2;PRKCDBP;PRLR;PRPH1;PSMA4;PTTG1IP;RAD23B;RNF10;SCCPDH;SLC25A25;SOD1;SRD5A1;SUB1;SYPL;TSC22D1;TSEN34;TXN1;VEGFA;VTN

NR1I2-20693526,20,939,0.09523809523809523,0.022323657371086228,0.072914437867009,8.38288704066369E-8,0.0,4.610055490163107,75.11849558425997,ABCC6;AKR1D1;ATP2B1;CDH1;COMT;EPHX1;F10;FASN;GJB1;GSTM1;INSIG2;LMAN1;NOTCH2;PGRMC1;SCP2;SERPINA10;SRD5A1;TAT;TPT1;TTC13

DACH1-20351289,27,1698,0.12857142857142856,0.04036801939947222,0.08820340917195635,1.5084075586124177E-7,0.0,3.507356774604646,55.09019719891699,ACP2;ALDH3A2;BTF3;CANX;CEBPA;DYNLL2;ERP29;FADS2;FASN;FBXW5;G0S2;HMGA2;IMMT;KHK;MDH2;MRPS7;MVK;NDUFS7;PRDX2;PRKCDBP;RAD23B;SLC25A25;TFRC;TTC13;TUBB2C;WBP2;ZFP36L1

PHF8-20622854,25,1490,0.11904761904761904,0.03542305589235195,0.08362456315526709,1.707253120647934E-7,0.0,3.6797569381462005,57.342424874038684,ACOX1;ACP2;AKR1A1;BTF3;BTG2;CEBPA;COPB2;CSAD;CTH;FASN;HSPA5;IDI1;IMMT;LAPTM4B;MRPS7;MVD;PPIF;PRDX2;RPSA;SOD1;TAGLN2;TFRC;TTC13;TUBB2C;VEGFA

MITF-21258399,56,5578,0.26666666666666666,0.13261060789767729,0.13405605876898938,1.977627720588799E-7,0.0,2.3784999511066203,36.71499534506367,ABI1;ACOX1;ACSL1;AKR1A1;AMACR;BTF3;CANX;CD74;CDH1;COMT;CXXC5;DDC;EHHADH;EI24;ERP29;FADS1;FADS2;FAH;FASN;FBXW5;GBE1;GDA;GJB1;GSTA3;HMGA2;KHK;LDHA;MIF;NAPA;NDUFS7;NFE2L2;NME2;NNT;PAPD4;PCK1;PECR;PGRMC2;PMVK;PPIF;PRDX4;PSMA1;PTTG1IP;RAD23B;RCBTB2;RPSA;SERPINA10;SLC22A18;SLC25A25;SUB1;TMEM97;TSC22D1;TSEN34;TUBB2C;UBE2B;WBP2;ZFP36L1

TAL1-20566737,30,2067,0.14285714285714285,0.0491405748520077,0.09371656800513514,1.9941022317113435E-7,0.0,3.224963715529753,49.7544232249545,ACLY;APOE;ATP5G3;BTG2;CEBPA;COPB2;CSRP1;CXXC5;DHTKD1;EIF5;FADS2;HAL;HSPA5;IMMT;LDHA;MDH2;MRPS7;NDUFS7;NOTCH2;PDIA3;PECR;PPIF;PRDX2;RCBTB2;RPSA;SYPL;TAGLN2;TFRC;TUBB2C;WBP2

TAL1-20887958,30,2067,0.14285714285714285,0.0491405748520077,0.09371656800513514,1.9941022317113435E-7,0.0,3.224963715529753,49.7544232249545,ACLY;APOE;ATP5G3;BTG2;CEBPA;COPB2;CSRP1;CXXC5;DHTKD1;EIF5;FADS2;HAL;HSPA5;IMMT;LDHA;MDH2;MRPS7;NDUFS7;NOTCH2;PDIA3;PECR;PPIF;PRDX2;RCBTB2;RPSA;SYPL;TAGLN2;TFRC;TUBB2C;WBP2

YAP1-20516196,32,2329,0.1523809523809524,0.05536932696193805,0.09701162541901434,2.4906692015602764E-7,0.0,3.0670635514108864,46.63637045942175,ABCC6;ACLY;ACSL1;ADH1;ARF5;ATP5G3;CANX;CDC42;CDH1;DPYS;DYNLL2;EIF5;FBP1;FBXO9;GCK;GDI2;HMGA2;HSPA5;NUDT4;PEMT;PPIF;PRDX2;PRLR;PTTG1IP;RAD23B;RNF10;SC5D;SOD1;SUCLG1;TTC13;WBP2;ZFP36L1

SIN3B-21632747,46,4302,0.21904761904761905,0.10227515869053562,0.11677246035708343,6.07025703488478E-7,0.0,2.4619944211994422,35.24269849666602,ACOX1;ALB;ATP5C1;ATP5G3;CDH1;CEBPA;COMT;COPB2;CSRP1;CXXC5;DHTKD1;DYNLL2;EI24;FADS1;FBXW5;FCGRT;GCK;HMGN1;HSPA5;IMMT;INSIG2;KYNU;MVK;NAPA;NCLN;NOTCH2;NSDHL;PAH;PDIA3;PGRMC2;PLG;PPIF;PRDX2;PSMA1;PSMA4;PSMB10;PTTG1IP;SCP2;SOD1;SRD5A1;SYPL;TPT1;TTC13;TUBB2C;VTN;WBP2

SMARCA4-20176728,20,1118,0.09523809523809523,0.026579178850771462,0.06865891638732377,1.2200625269271265E-6,0.0,3.8550983899821105,52.493365308574795,APOA5;CANX;CDH1;CSRP1;ERP29;FDFT1;INSIG2;LDHA;NFE2L2;NUDT4;PGRMC1;PNRC1;PSMC1;SOD1;SUB1;TAGLN2;TMEM97;TPT1;TSC22D1;ZFP36L1

SMAD2-18955504,27,1936,0.12857142857142856,0.046026198797042533,0.08254522977438603,1.8188188206302689E-6,0.0,3.0580459964774422,40.419182501472434,ACADVL;ACCN3;ACOX1;BTG2;CLU;CXXC5;DDC;FADS1;FADS2;GDI2;HSPA5;IDI1;INSIG2;KYNU;LDHA;LRP1;NCLN;NME2;NOTCH2;NP;PMVK;PRKCDBP;RARRES2;TAGLN2;TSC22D1;UBL3;ZFP36L1

HOXB4-20404135,26,1824,0.12380952380952381,0.04336352613936238,0.08044599767016143,1.945364631093948E-6,0.0,3.117294765446224,40.992616717944195,ACADL;ACLY;ACSL3;EBP;FADS1;FBXO9;GDI2;GSTM1;LAPTM4B;NCLN;NDUFS7;PMVK;PNRC1;PSMA1;PSMC1;PSMD4;PXMP4;RAD23B;RCBTB2;SC5D;SLC25A25;SUCLG1;TSC22D1;TSEN34;WBP2;YIPF1

PPARD-21283829,38,3447,0.18095238095238095,0.0819485058127095,0.09900387513967145,3.5341616084891294E-6,0.0,2.475033902078653,31.069185851296538,ABCB11;ABCC6;ACADVL;ACSL3;AKR1D1;ALDH3A2;APOA1;ATP5D;ATP5G3;BTG2;CLU;CSRP1;GBE1;GC;HSD17B6;KYNU;LAPTM4B;MLYCD;MRFAP1;NCLN;PGRMC2;PMVK;PNRC1;PPIF;PPP1R3C;PRDX2;PRDX4;RAD23B;RNF10;S100A9;SCP2;SLPI;TSC22D1;TSEN34;VKORC1;WBP2;YIPF1;ZFP36L1

JUN-21703547,23,1585,0.10952380952380952,0.037681572878777075,0.07184223664503245,5.982765501494456E-6,0.0,3.141058384925522,37.776339586158024,ACTA2;APOA5;ATP5C1;C9;CANX;CD74;COMT;DPYS;FBXO9;GSTA3;IDI1;MRFAP1;MVD;NFE2L2;NOTCH2;NUDT4;PRG2;RAD23B;SC4MOL;SUB1;SUCLG1;TMEM30A;TTC13

HIF1A-21447827,10,321,0.047619047619047616,0.00763141002781542,0.039987637591232195,7.0313983552722595E-6,0.0,6.501869158878505,77.14549003953924,GBE1;INSIG2;LDHA;LRP1;MIF;PNRC1;PPP1R3C;TFRC;VKORC1;ZFP36L1

VDR-20736230,8,230,0.0380952380952381,0.005467988493450301,0.0326272496017878,2.7723731064033524E-5,0.0,7.203271631510977,75.58552687497392,ACSL1;ACSL3;FADS1;FADS2;FDFT1;INSIG2;SC4MOL;SLC25A20

CHD1-19587682,15,843,0.07142857142857142,0.020041366521646103,0.05138720490692532,2.9150381470787305E-5,0.0,3.761292088694224,39.27933335822498,ACOX1;APOE;CLPX;EI24;FBXO9;FDFT1;IDI1;MIF;PNRC1;PSMA1;SC4MOL;SLC25A25;TSC22D1;TSEN34;UBE2B

CNOT3-19339689,21,1547,0.1,0.036778166084207024,0.06322183391579297,4.0472383548494825E-5,0.0,2.9100050276520864,29.434382803182512,ACSL3;ATP5C1;CDH1;DYNLL2;FASN;HMGA2;HMGN1;INSIG2;KHK;MRPS7;NOTCH2;PDIA3;PRPH1;PSMA4;RAD23B;SCCPDH;SRD5A1;SUB1;TMEM30A;TXN1;VTN

ESRRB-18555785,20,1434,0.09523809523809523,0.034091719563511876,0.06114637567458336,4.31115659275614E-5,0.0,2.982382735080378,29.978073936748167,ACADL;ATP2B1;ATP5C1;ATP5D;ATP5G3;CANX;COMT;DPYS;EIF5;GDI2;IMMT;KYNU;MDH2;NFE2L2;NNT;PPIF;PRKCDBP;PRPH1;RAD23B;SUCLG1

KLF4-18555785,20,1502,0.09523809523809523,0.03570834224853196,0.05952975298956327,8.049397801695073E-5,0.0,2.842595837129441,26.798083849899857,ALDH3A2;APOE;CEBPA;CTH;LDHA;MIF;MVD;NDUFS7;NSDHL;PRKCDBP;PRLR;RPSA;SLC25A25;TAGLN2;TSEN34;TUBB2C;TXN1;UBE2B;UPB1;ZFP36L1

KLF4-18264089,20,1502,0.09523809523809523,0.03570834224853196,0.05952975298956327,8.049397801695073E-5,0.0,2.842595837129441,26.798083849899857,ALDH3A2;APOE;CEBPA;CTH;LDHA;MIF;MVD;NDUFS7;NSDHL;PRKCDBP;PRLR;RPSA;SLC25A25;TAGLN2;TSEN34;TUBB2C;TXN1;UBE2B;UPB1;ZFP36L1

KLF4-18358816,20,1502,0.09523809523809523,0.03570834224853196,0.05952975298956327,8.049397801695073E-5,0.0,2.842595837129441,26.798083849899857,ALDH3A2;APOE;CEBPA;CTH;LDHA;MIF;MVD;NDUFS7;NSDHL;PRKCDBP;PRLR;RPSA;SLC25A25;TAGLN2;TSEN34;TUBB2C;TXN1;UBE2B;UPB1;ZFP36L1

KLF4-19030024,20,1502,0.09523809523809523,0.03570834224853196,0.05952975298956327,8.049397801695073E-5,0.0,2.842595837129441,26.798083849899857,ALDH3A2;APOE;CEBPA;CTH;LDHA;MIF;MVD;NDUFS7;NSDHL;PRKCDBP;PRLR;RPSA;SLC25A25;TAGLN2;TSEN34;TUBB2C;TXN1;UBE2B;UPB1;ZFP36L1

NKX2-5-21415370,20,1507,0.09523809523809523,0.03582721156360697,0.05941088367448826,8.413726549858401E-5,0.0,2.8328152830649946,26.58047854537396,ACSL1;ACSL3;ACTA2;BTG2;DDC;EPHX1;GBE1;HMGN1;IMMT;KHK;NOTCH2;PSMD4;TAGLN2;TEGT;TMEM97;TTC13;UBL3;VEGFA;VKORC1;ZFP36L1

GATA4-21415370,24,2039,0.11428571428571428,0.048474906687587666,0.06581080759812662,1.0234098059104822E-4,0.0,2.532803872866206,23.269376685366353,ACADL;ACSL1;ACTA2;CXXC5;DDC;DNPEP;DYNLL2;GBE1;GDI2;HMGN1;IMMT;KHK;MRFAP1;OPRS1;PPIF;PSMD4;SMAD5;SOD1;SUB1;SYPL;TEGT;TTC13;TUBB2C;VKORC1

CTCF-18555785,20,1568,0.09523809523809523,0.03727741720752205,0.057960678030573184,1.4194225777517557E-4,0.0,2.718515037593985,24.08628849328942,ADH1;AMACR;ATP5D;CEBPA;CLU;DNPEP;FBXO9;G0S2;GDA;GSTM1;HSD17B6;INHBE;KHK;NAPA;PPIF;PSMA1;TAGLN2;VKORC1;WBP2;YIPF1

HTT-18923047,11,566,0.05238095238095238,0.01345600646649074,0.03892494591446164,1.6339587129843392E-4,0.0,4.05265727932951,35.33647501311637,ABCB11;CLU;GC;IBSP;MGST1;MRPL16;PLG;PMVK;PSMD4;SMAD5;TAGLN2

TCFCP2L1-18555785,23,1987,0.10952380952380952,0.0472386658108076,0.06228514371300192,1.8259716269514818E-4,0.0,2.480691338620822,21.354356958710856,ACP2;ATP5C1;AVPR1A;BTF3;CANX;CXXC5;DNPEP;FCGRT;HSPA5;MIF;NDUFS7;NSDHL;PGRMC1;PON1;PPP1R3C;RNF10;SCCPDH;SYPL;TPT1;TTC13;TUBB2C;WBP2;WFDC2

RUNX1-21571218,16,1120,0.0761904761904762,0.026626726576801464,0.04956374961367473,1.9666551820086495E-4,0.0,3.0149484536082474,25.72958864323576,ACOX1;ACSL1;CXXC5;DDC;FADS1;FADS2;FBXO9;FBXW5;FDFT1;HMGA2;PLG;PPIF;PSMC1;PTTG1IP;SYPL;WBP2

RUNX1-17652178,16,1120,0.0761904761904762,0.026626726576801464,0.04956374961367473,1.9666551820086495E-4,0.0,3.0149484536082474,25.72958864323576,ACOX1;ACSL1;CXXC5;DDC;FADS1;FADS2;FBXO9;FBXW5;FDFT1;HMGA2;PLG;PPIF;PSMC1;PTTG1IP;SYPL;WBP2

RUNX1-20887958,16,1120,0.0761904761904762,0.026626726576801464,0.04956374961367473,1.9666551820086495E-4,0.0,3.0149484536082474,25.72958864323576,ACOX1;ACSL1;CXXC5;DDC;FADS1;FADS2;FBXO9;FBXW5;FDFT1;HMGA2;PLG;PPIF;PSMC1;PTTG1IP;SYPL;WBP2

GFI1B-20887958,22,1871,0.10476190476190476,0.044480897701067446,0.06028100706083732,2.045947594492887E-4,0.0,2.513799652023608,21.353419154752416,APOA1;APOE;ATP5D;CEBPA;CSRP1;CXXC5;F10;GBE1;GDI2;GSTM1;HSPA5;LAPTM4B;MVK;NDUFS7;NOTCH2;PGK1;PPIF;RCBTB2;SCCPDH;SYPL;TSEN34;VTN

FLI1-21571218,23,2030,0.10952380952380952,0.04826094192045265,0.06126286760335687,2.4710160138760617E-4,0.0,2.425539369352757,20.145828934286826,ACP2;AMACR;APOE;ATP5D;CANX;CD74;CSRP1;CXXC5;F10;FADS2;GDI2;LAPTM4B;LDHA;MRPL16;NDUFS7;PPIF;PSMB10;PTTG1IP;SLC25A20;SMAD5;SYPL;TAGLN2;WBP2

FLI1-20887958,23,2030,0.10952380952380952,0.04826094192045265,0.06126286760335687,2.4710160138760617E-4,0.0,2.425539369352757,20.145828934286826,ACP2;AMACR;APOE;ATP5D;CANX;CD74;CSRP1;CXXC5;F10;FADS2;GDI2;LAPTM4B;LDHA;MRPL16;NDUFS7;PPIF;PSMB10;PTTG1IP;SLC25A20;SMAD5;SYPL;TAGLN2;WBP2

TFEB-21752829,13,808,0.06190476190476191,0.019209281316121058,0.04269548058864085,2.614157853447564E-4,0.0,3.369320751872142,27.794869121525206,AKR1A1;CTH;ERP29;GBE1;NAPA;PAPD4;PMVK;PRDX4;SUB1;TAGLN2;TMEM30A;UBE2B;WBP2

MYB-21317192,14,923,0.06666666666666667,0.021943275562846205,0.04472339110382046,2.7431887674803275E-4,0.0,3.183717690759944,26.11036711287338,ACLY;ACSL1;ALDH3A2;CCL6;FBXO9;GBE1;GSTM1;NDUFS7;NUDT4;SLPI;SUB1;TMEM97;UBL3;ZFP36L1

EOMES-20176728,14,932,0.06666666666666667,0.022157240329981218,0.04450942633668545,3.0191303791211914E-4,0.0,3.1522838749233597,25.550431993162416,ACLY;ALDH3A2;BTG2;DHTKD1;DYNLL2;FADS1;FADS2;MGST1;MLYCD;NP;PRKCDBP;RNF10;TMEM97;YIPF1

EOMES-21245162,14,932,0.06666666666666667,0.022157240329981218,0.04450942633668545,3.0191303791211914E-4,0.0,3.1522838749233597,25.550431993162416,ACLY;ALDH3A2;BTG2;DHTKD1;DYNLL2;FADS1;FADS2;MGST1;MLYCD;NP;PRKCDBP;RNF10;TMEM97;YIPF1

GATA3-20176728,13,834,0.06190476190476191,0.01982740175451109,0.04207736015025082,3.515015465090114E-4,0.0,3.2622247379761165,25.94544041780253,ACADL;CANX;CLU;CSRP1;DDC;GSTA3;PSMA1;SLC25A25;SMAD5;SOD1;SUCLG1;TPT1;VTN

SIN3A-21632747,16,1186,0.0761904761904762,0.02819580153579155,0.04799467465468465,3.667309926745577E-4,0.0,2.8425792319326857,22.487308790400135,ACADVL;ACCN3;ACOX1;ARF5;CDH1;COPB2;CSRP1;INHBE;LRP1;NOTCH2;PDIA3;PRDX2;PSMB10;SC4MOL;SRD5A1;VKORC1

ERG-21242973,22,1969,0.10476190476190476,0.046810736276537576,0.05795116848536719,4.0797407243943354E-4,0.0,2.3828598597408774,18.596569724986832,ACSL1;ATP5D;CLPX;COPB2;ERP29;FADS1;FADS2;FBXW5;HSPA5;IDI1;IMMT;LAPTM4B;MDH2;MLYCD;PMVK;PTTG1IP;RAD23B;RPSA;SOD1;SUCLG1;TAGLN2;TPT1

ERG-20517297,22,1969,0.10476190476190476,0.046810736276537576,0.05795116848536719,4.0797407243943354E-4,0.0,2.3828598597408774,18.596569724986832,ACSL1;ATP5D;CLPX;COPB2;ERP29;FADS1;FADS2;FBXW5;HSPA5;IDI1;IMMT;LAPTM4B;MDH2;MLYCD;PMVK;PTTG1IP;RAD23B;RPSA;SOD1;SUCLG1;TAGLN2;TPT1

ERG-20887958,22,1969,0.10476190476190476,0.046810736276537576,0.05795116848536719,4.0797407243943354E-4,0.0,2.3828598597408774,18.596569724986832,ACSL1;ATP5D;CLPX;COPB2;ERP29;FADS1;FADS2;FBXW5;HSPA5;IDI1;IMMT;LAPTM4B;MDH2;MLYCD;PMVK;PTTG1IP;RAD23B;RPSA;SOD1;SUCLG1;TAGLN2;TPT1

TFAP2C-20629094,16,1203,0.0761904761904762,0.028599957207046573,0.04759051898342963,4.270971743656876E-4,0.0,2.801244311900661,21.733451181431775,ACCN3;CANX;COMT;CSRP1;FASN;FBP1;HSPA5;KYNU;MDH2;MLYCD;NOTCH2;PAPD4;PRLR;PTTG1IP;S100A9;UBL3

THAP11-20581084,13,864,0.06190476190476191,0.02054061764496113,0.04136414425980078,4.871278166678E-4,0.0,3.146661731528483,23.999538717836227,ACADVL;ACLY;ACP2;IMMT;NCLN;NDUFS7;PEMT;PPP1R3C;RNF10;SUCLG1;TTC13;UBL3;WBP2

AR-19668381,22,2047,0.10476190476190476,0.04866509759170767,0.05609680717019709,6.796834678572553E-4,0.0,2.287603030901475,16.685509673629067,ALAS2;CLU;CSAD;CYP1A2;FBP1;GBE1;GC;GSTA3;HMGA2;HMGN1;KYNU;MVK;PCK1;PDIA3;PNRC1;PSMA4;RCBTB2;SERPINA10;SLC25A20;SOD1;TSC22D1;ZFP36L1

AR-20517297,22,2047,0.10476190476190476,0.04866509759170767,0.05609680717019709,6.796834678572553E-4,0.0,2.287603030901475,16.685509673629067,ALAS2;CLU;CSAD;CYP1A2;FBP1;GBE1;GC;GSTA3;HMGA2;HMGN1;KYNU;MVK;PCK1;PDIA3;PNRC1;PSMA4;RCBTB2;SERPINA10;SLC25A20;SOD1;TSC22D1;ZFP36L1

TCF4-18268006,9,470,0.04285714285714286,0.011173715617050614,0.031683427240092245,7.092726629116828E-4,0.0,3.9624960304858683,28.733130696803634,ACSL3;C4BPA;CTH;DNPEP;PMVK;SCCPDH;SPP2;TAGLN2;TTC13

NR4A2-19515692,6,207,0.02857142857142857,0.00492118964410527,0.0236502389273233,7.210239025536181E-4,0.0,5.947144075021313,43.02662554689833,ACSL3;DPYS;PON1;SERPINA10;TSC22D1;UPB1

PRDM14-21183938,21,1944,0.1,0.04621638970116254,0.053783610298837464,8.461881935167391E-4,0.0,2.2930384087791493,16.22271652772811,AKR1D1;ALDH3A2;AMACR;CDH1;CSRP1;CXXC5;DPYS;GDI2;GSTM1;INSIG2;LDHA;MIF;NFE2L2;NUDT4;PECR;SERPINA3N;TAGLN2;TSC22D1;UBL3;VEGFA;ZFP36L1

HCFC1-20581084,7,306,0.03333333333333333,0.0072748020825904,0.026058531250742933,0.001026205141713048,0.0,4.7055442866801895,32.38302692024362,ABI1;ACP2;GDI2;MDH2;NDUFS7;PEMT;SUCLG1

E2F1-18555785,19,1726,0.09047619047619047,0.04103368756389226,0.049442502912298215,0.0012072442822527573,0.0,2.324786298860058,15.621203857208895,ACOX1;ACP2;ALDH3A2;ALDH6A1;C3;FAH;LRP1;MGST1;NP;NUDT4;PRDX2;PRDX4;PRG2;RCBTB2;TSC22D1;UBL3;VKORC1;VTN;ZFP36L1

E2F1-21310950,19,1726,0.09047619047619047,0.04103368756389226,0.049442502912298215,0.0012072442822527573,0.0,2.324786298860058,15.621203857208895,ACOX1;ACP2;ALDH3A2;ALDH6A1;C3;FAH;LRP1;MGST1;NP;NUDT4;PRDX2;PRDX4;PRG2;RCBTB2;TSC22D1;UBL3;VKORC1;VTN;ZFP36L1

E2F1-17053090,19,1726,0.09047619047619047,0.04103368756389226,0.049442502912298215,0.0012072442822527573,0.0,2.324786298860058,15.621203857208895,ACOX1;ACP2;ALDH3A2;ALDH6A1;C3;FAH;LRP1;MGST1;NP;NUDT4;PRDX2;PRDX4;PRG2;RCBTB2;TSC22D1;UBL3;VKORC1;VTN;ZFP36L1

IRF8-21731497,7,319,0.03333333333333333,0.007583862301785417,0.025749471031547917,0.0012964614175251937,0.0,4.512377040319965,29.9988092142901,CCL6;CD74;ERP29;GDA;KYNU;PNRC1;PSMB10

LMO2-20887958,19,1741,0.09047619047619047,0.04139029550911728,0.0490858949670732,0.0013319060379063396,0.0,2.3038994860629534,15.25445083809776,APOE;BTG2;CXXC5;F10;FADS1;FADS2;FBP1;FBXO9;G0S2;LAPTM4B;PECR;PNRC1;PPIF;PSMD4;PTTG1IP;SLPI;SMAD5;TAGLN2;WBP2

ETS1-20019798,18,1607,0.08571428571428572,0.038204597865107104,0.04750968784917861,0.001342321294674692,0.0,2.3601431238332293,15.608463984793431,ABI1;ACADVL;ACP2;ATP5D;CLPX;EIF5;FBXO9;MRFAP1;NCLN;NDUFS7;PEMT;PSMA1;PSMC1;PSMD4;RNF10;SUCLG1;VKORC1;WBP2

JARID1A-20064375,22,2171,0.10476190476190476,0.051613056605567836,0.05314884815633693,0.0014348369288744263,0.0,2.1502592196948167,14.077110795114564,ACP2;ALDH6A1;APOA5;ATP5C1;ATP5D;COPB2;EIF5;FBXW5;HSPA5;IMMT;LMAN1;MLYCD;MRPL16;MVK;NAPA;NDUFS7;PSMA1;PSMD4;SRD5A1;TMEM30A;TTC13;VKORC1

SPI1-20176806,15,1249,0.07142857142857142,0.029693554905736632,0.04173501652283479,0.0017462915412268865,0.0,2.513641682576831,15.962280390056772,ACTA2;AKR1D1;AKR7A3;ALB;C3;CANX;CXXC5;FBP1;G0S2;GSTM1;PPP1R3C;PRDX2;TSEN34;UPB1;VKORC1

SPI1-20517297,15,1249,0.07142857142857142,0.029693554905736632,0.04173501652283479,0.0017462915412268865,0.0,2.513641682576831,15.962280390056772,ACTA2;AKR1D1;AKR7A3;ALB;C3;CANX;CXXC5;FBP1;G0S2;GSTM1;PPP1R3C;PRDX2;TSEN34;UPB1;VKORC1

TP53-18474530,14,1123,0.06666666666666667,0.026698048165846467,0.0399686185008202,0.001765767314437398,0.0,2.603994402747742,16.507163052270077,ATP5D;BTG2;CANX;CEBPA;EI24;EPHX1;GC;HMGA2;PPP1R3C;RAD23B;SERPINA3N;TUBB2C;UBL3;ZFP36L1

TP53-16413492,14,1123,0.06666666666666667,0.026698048165846467,0.0399686185008202,0.001765767314437398,0.0,2.603994402747742,16.507163052270077,ATP5D;BTG2;CANX;CEBPA;EI24;EPHX1;GC;HMGA2;PPP1R3C;RAD23B;SERPINA3N;TUBB2C;UBL3;ZFP36L1

TP53-20018659,14,1123,0.06666666666666667,0.026698048165846467,0.0399686185008202,0.001765767314437398,0.0,2.603994402747742,16.507163052270077,ATP5D;BTG2;CANX;CEBPA;EI24;EPHX1;GC;HMGA2;PPP1R3C;RAD23B;SERPINA3N;TUBB2C;UBL3;ZFP36L1

KLF5-18264089,4,102,0.01904761904761905,0.0024249340275301332,0.016622685020088915,0.0019797726368926925,0.0,7.988006853226728,49.723531546304464,GJB1;RAD23B;SERPINA3N;TPT1

KLF2-18264089,4,102,0.01904761904761905,0.0024249340275301332,0.016622685020088915,0.0019797726368926925,0.0,7.988006853226728,49.723531546304464,GJB1;RAD23B;SERPINA3N;TPT1

EGR1-20690147,6,276,0.02857142857142857,0.006561586192140361,0.02200984237928821,0.0029840478313404406,0.0,4.453005115089514,25.891884990633187,ACADVL;C1QB;FAH;GSTA3;NME2;SLPI

EGR1-19374776,6,276,0.02857142857142857,0.006561586192140361,0.02200984237928821,0.0029840478313404406,0.0,4.453005115089514,25.891884990633187,ACADVL;C1QB;FAH;GSTA3;NME2;SLPI

EGR1-19032775,6,276,0.02857142857142857,0.006561586192140361,0.02200984237928821,0.0029840478313404406,0.0,4.453005115089514,25.891884990633187,ACADVL;C1QB;FAH;GSTA3;NME2;SLPI

SALL4-18804426,13,1065,0.06190476190476191,0.025319164110976393,0.036585597793785514,0.0030503530324908386,0.0,2.540330306713377,14.71485808558588,CDH1;CXXC5;DPYS;EIF5;FADS2;FASN;GYK;NFE2L2;NOTCH2;NUDT4;SCCPDH;UBL3;ZFP36L1

SALL4-18804426_ESC,13,1065,0.06190476190476191,0.025319164110976393,0.036585597793785514,0.0030503530324908386,0.0,2.540330306713377,14.71485808558588,CDH1;CXXC5;DPYS;EIF5;FADS2;FASN;GYK;NFE2L2;NOTCH2;NUDT4;SCCPDH;UBL3;ZFP36L1

STAT3-1855785,12,948,0.05714285714285714,0.02253762213822124,0.0346052350046359,0.0032847445247218385,0.0,2.628500191791331,15.030990029998474,ACCN3;ACOX1;CYP51;EPHX1;FABP1;G0S2;GCKR;LAPTM4B;SCP2;SUB1;TPT1;ZFP36L1

STAT3-20064451,12,948,0.05714285714285714,0.02253762213822124,0.0346052350046359,0.0032847445247218385,0.0,2.628500191791331,15.030990029998474,ACCN3;ACOX1;CYP51;EPHX1;FABP1;G0S2;GCKR;LAPTM4B;SCP2;SUB1;TPT1;ZFP36L1

STAT3-19079543,12,948,0.05714285714285714,0.02253762213822124,0.0346052350046359,0.0032847445247218385,0.0,2.628500191791331,15.030990029998474,ACCN3;ACOX1;CYP51;EPHX1;FABP1;G0S2;GCKR;LAPTM4B;SCP2;SUB1;TPT1;ZFP36L1

WT1-20215353,5,199,0.023809523809523808,0.00473099873998526,0.019078525069538547,0.003640329126133672,0.0,5.13102095845079,28.81417784160768,ACADVL;APOE;NOTCH2;NUDT4;SC4MOL

WT1-19549856,5,199,0.023809523809523808,0.00473099873998526,0.019078525069538547,0.003640329126133672,0.0,5.13102095845079,28.81417784160768,ACADVL;APOE;NOTCH2;NUDT4;SC4MOL

SRF-21415370,17,1634,0.08095238095238096,0.038846492166512134,0.04210588878586882,0.003829730309226285,0.0,2.1793779846652415,12.1281532570664,ACADVL;ATP5C1;ATP5D;CLU;CSAD;EPHX1;FBXO9;GSTM1;IDI1;IMMT;LDHA;NFE2L2;PECR;PRDX2;SLC25A20;SUCLG1;VKORC1

SOX17-20123909,19,1947,0.09047619047619047,0.04628771129020755,0.044188479185982926,0.0045040751623620316,0.0,2.0496131785509726,11.07359412739495,ACOX1;ACP2;ADH1;BTG2;C9;CSRP1;DDC;EI24;NCLN;NDUFS7;PAPD4;PMVK;PNRC1;PRKCDBP;RPSA;SLC25A25;SOD1;TAGLN2;TFRC

RCOR3-21632747,25,2851,0.11904761904761904,0.06777928345576872,0.05126833559185032,0.004652524174954875,0.0,1.8586176495681932,9.981418695166528,ALB;ATP5G3;CSRP1;CXXC5;DDC;DNPEP;EPHX1;HSD17B6;HSPA5;KYNU;LRP1;MVK;NCLN;NDUFS7;PAH;PGRMC2;PPIF;PXMP4;RAD23B;SLC22A18;SRD5A1;SYPL;TSC22D1;VEGFA;VTN

LYL1-20887958,10,752,0.047619047619047616,0.017877944987280982,0.029741102631766634,0.005069777664805033,0.0,2.746742021276596,14.515043714693347,BTG2;CEBPA;CXXC5;FADS1;FADS2;PPIF;PSMA1;PSMD4;PTTG1IP;WBP2

SMAD4-19686287,24,2738,0.11428571428571428,0.06509283693507358,0.04919287735064071,0.005560393575825979,0.0,1.8532481915219492,9.622224705461758,ABCB11;ACOX1;ACTA2;BTG2;C3;CSAD;DDC;EHHADH;ERP29;FAH;GC;HMGA2;HMGN1;INSIG2;LAPTM4B;LDHA;MLYCD;NFE2L2;PPIF;PPP1R3C;PRLR;TAGLN2;TUBB2C;UPB1

SMAD4-21741376,24,2738,0.11428571428571428,0.06509283693507358,0.04919287735064071,0.005560393575825979,0.0,1.8532481915219492,9.622224705461758,ABCB11;ACOX1;ACTA2;BTG2;C3;CSAD;DDC;EHHADH;ERP29;FAH;GC;HMGA2;HMGN1;INSIG2;LAPTM4B;LDHA;MLYCD;NFE2L2;PPIF;PPP1R3C;PRLR;TAGLN2;TUBB2C;UPB1

ZNF263-19887448,3,71,0.014285714285714285,0.001687944274065093,0.012597770011649193,0.0060460242361122275,0.0,8.57154521330884,43.78649048246167,CSAD;HRASLS3;TFRC

PDX1-19855005,9,669,0.04285714285714286,0.015904714357035873,0.026952428500106984,0.0071572575091240305,0.0,2.770497289338063,13.685227094853591,ADH1;ALDH6A1;AMACR;MVD;OPRS1;SLC25A25;SPP2;TMEM97;WBP2

NANOG-18692474,13,1232,0.06190476190476191,0.029289399234481612,0.0326153626702803,0.009793134605920021,0.0,2.1870385325334563,10.117401412667807,APOA1;CSAD;CSRP1;EI24;FBP1;MIF;NFE2L2;PAPD4;RNF10;SLC25A20;TAGLN2;TUBB2C;ZFP36L1

NANOG-18347094,13,1232,0.06190476190476191,0.029289399234481612,0.0326153626702803,0.009793134605920021,0.0,2.1870385325334563,10.117401412667807,APOA1;CSAD;CSRP1;EI24;FBP1;MIF;NFE2L2;PAPD4;RNF10;SLC25A20;TAGLN2;TUBB2C;ZFP36L1

NANOG-16518401,13,1232,0.06190476190476191,0.029289399234481612,0.0326153626702803,0.009793134605920021,0.0,2.1870385325334563,10.117401412667807,APOA1;CSAD;CSRP1;EI24;FBP1;MIF;NFE2L2;PAPD4;RNF10;SLC25A20;TAGLN2;TUBB2C;ZFP36L1

NANOG-18700969,13,1232,0.06190476190476191,0.029289399234481612,0.0326153626702803,0.009793134605920021,0.0,2.1870385325334563,10.117401412667807,APOA1;CSAD;CSRP1;EI24;FBP1;MIF;NFE2L2;PAPD4;RNF10;SLC25A20;TAGLN2;TUBB2C;ZFP36L1

NANOG-21062744,13,1232,0.06190476190476191,0.029289399234481612,0.0326153626702803,0.009793134605920021,0.0,2.1870385325334563,10.117401412667807,APOA1;CSAD;CSRP1;EI24;FBP1;MIF;NFE2L2;PAPD4;RNF10;SLC25A20;TAGLN2;TUBB2C;ZFP36L1

NANOG-18555785,13,1232,0.06190476190476191,0.029289399234481612,0.0326153626702803,0.009793134605920021,0.0,2.1870385325334563,10.117401412667807,APOA1;CSAD;CSRP1;EI24;FBP1;MIF;NFE2L2;PAPD4;RNF10;SLC25A20;TAGLN2;TUBB2C;ZFP36L1

NANOG-16153702,13,1232,0.06190476190476191,0.029289399234481612,0.0326153626702803,0.009793134605920021,0.0,2.1870385325334563,10.117401412667807,APOA1;CSAD;CSRP1;EI24;FBP1;MIF;NFE2L2;PAPD4;RNF10;SLC25A20;TAGLN2;TUBB2C;ZFP36L1

NANOG-18358816,13,1232,0.06190476190476191,0.029289399234481612,0.0326153626702803,0.009793134605920021,0.0,2.1870385325334563,10.117401412667807,APOA1;CSAD;CSRP1;EI24;FBP1;MIF;NFE2L2;PAPD4;RNF10;SLC25A20;TAGLN2;TUBB2C;ZFP36L1

KDM6A-18722178,7,479,0.03333333333333333,0.011387680384185627,0.021945652949147708,0.01122530005367927,0.0,2.993592973867972,13.43999045546023,ACCN3;DNPEP;FCGRT;HSPA5;MRPL16;MRPS7;NSDHL

SMAD1-18555785,8,610,0.0380952380952381,0.014502056439150798,0.0235931816560873,0.012590174356086092,0.0,2.6913163447492288,11.774074582038397,ACSL1;APOE;CSAD;CSRP1;DDC;NUDT4;PSMB10;ZFP36L1

E2F4-21247883,11,1002,0.05238095238095238,0.02382141074103131,0.028559541639921072,0.012966961422525113,0.0,2.2651731712454493,9.8429715658622,ACOX1;LMAN1;NCLN;NFE2L2;NNT;NP;PAPD4;PGRMC1;PSMA1;SUCLG1;ZFP36L1

E2F4-17652178,11,1002,0.05238095238095238,0.02382141074103131,0.028559541639921072,0.012966961422525113,0.0,2.2651731712454493,9.8429715658622,ACOX1;LMAN1;NCLN;NFE2L2;NNT;NP;PAPD4;PGRMC1;PSMA1;SUCLG1;ZFP36L1

SETDB1-19884257,18,2020,0.08571428571428572,0.04802320329030264,0.03769108242398307,0.013453870101812088,0.0,1.8584313118811882,8.007029887726098,ATP5D;ATP5G3;CEBPA;ERP29;FASN;HMGN1;NDUFS7;PDIA3;PSMB10;RARRES2;SLC25A25;SMAD5;SRD5A1;TSC22D1;TTC13;TUBB2C;UBE2B;WBP2

SETDB1-19884255,18,2020,0.08571428571428572,0.04802320329030264,0.03769108242398307,0.013453870101812088,0.0,1.8584313118811882,8.007029887726098,ATP5D;ATP5G3;CEBPA;ERP29;FASN;HMGN1;NDUFS7;PDIA3;PSMB10;RARRES2;SLC25A25;SMAD5;SRD5A1;TSC22D1;TTC13;TUBB2C;UBE2B;WBP2

TFAP2A-17053090,17,1904,0.08095238095238096,0.04526543518056249,0.03568694577181847,0.015827409725195227,0.0,1.8578367875647668,7.702613706746701,ACOX1;ALDH6A1;APOA1;C3;CEBPA;EI24;FADS1;FASN;LRP1;MLYCD;NAPA;NCLN;PRG2;PTTG1IP;VKORC1;VTN;ZFP36L1

SFPI1-20887958,20,2369,0.09523809523809523,0.0563202814825381,0.03891781375555713,0.01602997906942952,0.0,1.7637466397102928,7.290084493560606,ACSL1;AMACR;COPB2;CSRP1;EIF5;FADS2;GDI2;HSPA5;IMMT;MIF;PDIA3;PGK1;RAD23B;RPSA;SCCPDH;SLC25A20;SUCLG1;SYPL;TFRC;TPT1

NACC1-18358816,9,769,0.04285714285714286,0.018282100658536006,0.02457504219860685,0.016369270454353217,0.0,2.4044019175902025,9.88774091445579,BTG2;CSAD;GSTM1;NUDT4;PRDX2;SLC25A20;SLC25A25;UBL3;ZFP36L1

IRF1-19129219,4,196,0.01904761904761905,0.004659677150940256,0.014387941896678793,0.01800837032385528,0.0,4.147711511789181,16.661019565517183,ACP2;CSRP1;NUDT4;RPSA

EP300-21415370,18,2093,0.08571428571428572,0.04975869529039774,0.035955590423887976,0.01853514325796623,0.0,1.7903428093645484,7.140042370382772,ABCC6;ALAS2;BTG2;DDC;FADS2;FASN;GBE1;NFE2L2;PNRC1;RNF10;SUB1;TAGLN2;TFRC;TSC22D1;TUBB2C;UPB1;WBP2;ZFP36L1

EP300-20729851,18,2093,0.08571428571428572,0.04975869529039774,0.035955590423887976,0.01853514325796623,0.0,1.7903428093645484,7.140042370382772,ABCC6;ALAS2;BTG2;DDC;FADS2;FASN;GBE1;NFE2L2;PNRC1;RNF10;SUB1;TAGLN2;TFRC;TSC22D1;TUBB2C;UPB1;WBP2;ZFP36L1

CRX-20693478,8,668,0.0380952380952381,0.015880940494020872,0.022214297601217226,0.020391606909151337,0.0,2.454200509871346,9.553299166266,ACADVL;APOE;DYNLL2;PKLR;PSMD4;SMAD5;SRD5A1;UBE2B

TET1-21451524,16,1839,0.0761904761904762,0.04372013408458741,0.03247034210588879,0.023399068821964093,0.0,1.8039387161332636,6.773896404085075,ACADVL;ARF5;C1QB;CSAD;DNPEP;FASN;GCK;GDI2;NME2;PDIA3;PMVK;SCP2;SERPINA10;TUBB2C;UBL3;VTN

CDKN2AIP-20523734,3,123,0.014285714285714285,0.0029241851508451607,0.011361529134869125,0.025182487638254994,0.0,4.941675503711559,18.193304462797368,ATP5D;FAH;NCLN

SOX2-18358816,9,863,0.04285714285714286,0.02051684378194613,0.02234029907519673,0.03107615611564615,0.0,2.1376316563186384,7.420391632205154,EBP;FAH;FDFT1;GC;HSPA5;PSMA1;RCBTB2;SLC25A25;ZFP36L1

SOX2-16153702,9,863,0.04285714285714286,0.02051684378194613,0.02234029907519673,0.03107615611564615,0.0,2.1376316563186384,7.420391632205154,EBP;FAH;FDFT1;GC;HSPA5;PSMA1;RCBTB2;SLC25A25;ZFP36L1

SOX2-21211035,9,863,0.04285714285714286,0.02051684378194613,0.02234029907519673,0.03107615611564615,0.0,2.1376316563186384,7.420391632205154,EBP;FAH;FDFT1;GC;HSPA5;PSMA1;RCBTB2;SLC25A25;ZFP36L1

SOX2-20726797,9,863,0.04285714285714286,0.02051684378194613,0.02234029907519673,0.03107615611564615,0.0,2.1376316563186384,7.420391632205154,EBP;FAH;FDFT1;GC;HSPA5;PSMA1;RCBTB2;SLC25A25;ZFP36L1

SOX2-18555785,9,863,0.04285714285714286,0.02051684378194613,0.02234029907519673,0.03107615611564615,0.0,2.1376316563186384,7.420391632205154,EBP;FAH;FDFT1;GC;HSPA5;PSMA1;RCBTB2;SLC25A25;ZFP36L1

SOX2-18692474,9,863,0.04285714285714286,0.02051684378194613,0.02234029907519673,0.03107615611564615,0.0,2.1376316563186384,7.420391632205154,EBP;FAH;FDFT1;GC;HSPA5;PSMA1;RCBTB2;SLC25A25;ZFP36L1

SOX2-19030024,9,863,0.04285714285714286,0.02051684378194613,0.02234029907519673,0.03107615611564615,0.0,2.1376316563186384,7.420391632205154,EBP;FAH;FDFT1;GC;HSPA5;PSMA1;RCBTB2;SLC25A25;ZFP36L1

PADI4-21655091,10,1037,0.047619047619047616,0.024653495946556355,0.02296555167249126,0.03733655682980886,0.0,1.9781099324975895,6.503594935138493,ALDH6A1;BTG2;CSAD;GCKR;NOTCH2;PSMA1;TMEM30A;UBL3;WFDC2;ZFP36L1

MEF2A-21415370,10,1048,0.047619047619047616,0.02491500843972137,0.022704039179326247,0.039610341214915475,0.0,1.9568225190839696,6.317924482333847,AKR1D1;BTG2;GBE1;IMMT;INSIG2;MRFAP1;PEMT;PGRMC2;PSMD4;SYPL

ELK1-19687146,9,917,0.04285714285714286,0.0218006323847562,0.021056510472386658,0.0427903052275773,0.0,2.009114731685086,6.331611994740321,ABI1;MGST1;NNT;OTC;PON1;RPSA;SUB1;SUCLG1;UBE2B

CDX2-19796622,6,504,0.02857142857142857,0.011982026959560658,0.016589401611867914,0.04284721103441074,0.0,2.4252450980392157,7.639800289654534,AMACR;CEBPA;CXXC5;NFE2L2;NOTCH2;PCK1

CDX2-20551321,6,504,0.02857142857142857,0.011982026959560658,0.016589401611867914,0.04284721103441074,0.0,2.4252450980392157,7.639800289654534,AMACR;CEBPA;CXXC5;NFE2L2;NOTCH2;PCK1

RARG-19884340,5,390,0.023809523809523808,0.00927180657585051,0.014537717233673298,0.048042814552297024,0.0,2.6061913696060035,7.911517918837785,LRP1;PTTG1IP;RCBTB2;TAGLN2;VEGFA

TCF3-18467660,17,2221,0.08095238095238096,0.052801749756317906,0.02815063119606305,0.05483120897730471,0.0,1.5800985879021026,4.5878095191496575,AMACR;CDH1;CEBPA;CSRP1;CXXC5;DDC;GDI2;HMGA2;LRP1;NFE2L2;SLC22A18;SLPI;SYPL;TAT;TFRC;UBL3;ZFP36L1

TCF3-18692474,17,2221,0.08095238095238096,0.052801749756317906,0.02815063119606305,0.05483120897730471,0.0,1.5800985879021026,4.5878095191496575,AMACR;CDH1;CEBPA;CSRP1;CXXC5;DDC;GDI2;HMGA2;LRP1;NFE2L2;SLC22A18;SLPI;SYPL;TAT;TFRC;UBL3;ZFP36L1

TCF3-18347094,17,2221,0.08095238095238096,0.052801749756317906,0.02815063119606305,0.05483120897730471,0.0,1.5800985879021026,4.5878095191496575,AMACR;CDH1;CEBPA;CSRP1;CXXC5;DDC;GDI2;HMGA2;LRP1;NFE2L2;SLC22A18;SLPI;SYPL;TAT;TFRC;UBL3;ZFP36L1

CEBPB-20176806,13,1588,0.06190476190476191,0.037752894467822075,0.024151867436939832,0.05746504579007773,0.0,1.6819515656765847,4.804626538138068,ACTA2;ARF5;ATP2B1;DPYS;F10;FADS1;KHK;NME2;PCK1;PGK1;SLC25A25;TFRC;UBL3

ESR2-21235772,5,424,0.023809523809523808,0.010080117918360554,0.013729405891163254,0.06381346688836105,0.0,2.3952485043718363,6.591223351707582,CDH1;CEBPA;CSRP1;INSIG2;KYNU

ZFP42-18358816,12,1480,0.05714285714285714,0.035185317262201934,0.021957539880655207,0.0700854685780051,0.0,1.661875511875512,4.417331256594894,ALDH3A2;EIF5;FADS2;FBXO9;GCK;HMGA2;MRPS7;NDUFS7;NFE2L2;SLC25A20;TUBB2C;UBE2B

MTF2-20144788,21,2981,0.1,0.0708698856477189,0.029130114352281106,0.07135206736105335,0.0,1.4567072943456707,3.8458951148491916,ATP2B1;AVPR1A;CEBPA;DMGDH;EIF5;FBP1;GCKR;GDA;HMGA2;ME1;NOTCH2;NUDT4;PGK1;PRKCDBP;SCCPDH;SLC22A18;TACR1;TFRC;VEGFA;VTN;ZFP36L1

HOXD13-18407260,3,196,0.014285714285714285,0.004659677150940256,0.00962603713477403,0.07731726540526233,0.0,3.0957556935817805,7.924633039941495,ACLY;BTG2;FBXO9

YY1-21170310,5,464,0.023809523809523808,0.011031072438960607,0.012778451370563201,0.08566608704814775,0.0,2.1866589571068125,5.373273225918293,ACP2;IMMT;MRPS7;NDUFS7;NUDT4

BP1-19119308,1,18,0.004761904761904762,4.2792953427002353E-4,0.004333975227634739,0.09030137060249663,0.0,11.176236044657097,26.874406702181496,VEGFA

POU5F1-16518401,6,622,0.02857142857142857,0.014787342795330814,0.013784085776097757,0.09442132683661103,0.0,1.9595706449782484,4.624563817643263,CDH1;CSAD;PRKCDBP;TMEM30A;TSC22D1;ZFP36L1

POU5F1-18692474,6,622,0.02857142857142857,0.014787342795330814,0.013784085776097757,0.09442132683661103,0.0,1.9595706449782484,4.624563817643263,CDH1;CSAD;PRKCDBP;TMEM30A;TSC22D1;ZFP36L1

POU5F1-18358816,6,622,0.02857142857142857,0.014787342795330814,0.013784085776097757,0.09442132683661103,0.0,1.9595706449782484,4.624563817643263,CDH1;CSAD;PRKCDBP;TMEM30A;TSC22D1;ZFP36L1

POU5F1-18700969,6,622,0.02857142857142857,0.014787342795330814,0.013784085776097757,0.09442132683661103,0.0,1.9595706449782484,4.624563817643263,CDH1;CSAD;PRKCDBP;TMEM30A;TSC22D1;ZFP36L1

POU5F1-18555785,6,622,0.02857142857142857,0.014787342795330814,0.013784085776097757,0.09442132683661103,0.0,1.9595706449782484,4.624563817643263,CDH1;CSAD;PRKCDBP;TMEM30A;TSC22D1;ZFP36L1

POU5F1-18347094,6,622,0.02857142857142857,0.014787342795330814,0.013784085776097757,0.09442132683661103,0.0,1.9595706449782484,4.624563817643263,CDH1;CSAD;PRKCDBP;TMEM30A;TSC22D1;ZFP36L1

POU5F1-16153702,6,622,0.02857142857142857,0.014787342795330814,0.013784085776097757,0.09442132683661103,0.0,1.9595706449782484,4.624563817643263,CDH1;CSAD;PRKCDBP;TMEM30A;TSC22D1;ZFP36L1

TBX5-21415370,16,2296,0.0761904761904762,0.054584789482443004,0.021605686708033194,0.11400808777471733,0.0,1.4284636660799597,3.101888692001822,ATP5C1;BTG2;CDC42;F10;FASN;FBXW5;HRASLS3;LDHA;MVK;PMVK;PPIF;PSMB10;PSMD4;SYPL;TTC13;TXN1

RAD21-21589869,14,2036,0.06666666666666667,0.04840358509854266,0.018263081568124007,0.14333413876743914,0.0,1.4042590513612125,2.727880969646351,ACTA2;AMACR;APOA1;ARF5;C1QB;CLU;CSAD;DDC;DPYS;EPHX1;FBP1;NDUFS7;NUDT4;PRKCDBP

ELF1-20517297,2,133,0.009523809523809525,0.003161923780995174,0.006361885742814351,0.14519963643585654,0.0,3.0313765182186234,5.849482604288649,ACOX1;NCLN

ELF1-17652178,2,133,0.009523809523809525,0.003161923780995174,0.006361885742814351,0.14519963643585654,0.0,3.0313765182186234,5.849482604288649,ACOX1;NCLN

NOTCH1-21737748,2,134,0.009523809523809525,0.0031856976440101754,0.006338111879799349,0.14690990595201475,0.0,3.0086825487944893,5.770459865184835,PEMT;PSMA1

NOTCH1-17114293,2,134,0.009523809523809525,0.0031856976440101754,0.006338111879799349,0.14690990595201475,0.0,3.0086825487944893,5.770459865184835,PEMT;PSMA1

CHD7-19251738,2,141,0.009523809523809525,0.0033521146851151844,0.00617169483869434,0.15899378048922722,0.0,2.8588379705400984,5.257089110109321,APOA1;SPP2

TRP63-18441228,2,143,0.009523809523809525,0.003399662411145187,0.006124147112664338,0.1624798915761467,0.0,2.8187197417966647,5.122180415300819,GSTA2;PPIF

EWS-FLI1-20517297,5,574,0.023809523809523808,0.013646197370610751,0.010163326438913057,0.16268994307816076,0.0,1.7629387269482453,3.201336440585898,ACOX1;CTH;LRP1;PAPD4;YIPF1

PAX3-FKHR-20663909,8,1063,0.0380952380952381,0.02527161638494639,0.012823621710291708,0.16586652764712126,0.0,1.5275281055857233,2.744314016523568,EHHADH;GBE1;HMGA2;LAPTM4B;PEMT;PON1;PRKCDBP;SPP2

DNAJC2-21179169,7,899,0.03333333333333333,0.021372702850486175,0.011960630482847158,0.16646330444952528,0.0,1.5789191055195426,2.8309709897220707,ACP2;AKR1A1;DPYS;FADS1;INSIG2;PXMP4;TFRC

MYC-18555785,6,746,0.02857142857142857,0.017735301809190977,0.010836126762237594,0.17293160136628266,0.0,1.6289623087841034,2.858599380790237,AKR1A1;GBE1;HMGN1;LAPTM4B;PEMT;PRG2

MYC-19030024,6,746,0.02857142857142857,0.017735301809190977,0.010836126762237594,0.17293160136628266,0.0,1.6289623087841034,2.858599380790237,AKR1A1;GBE1;HMGN1;LAPTM4B;PEMT;PRG2

MYC-19915707,6,746,0.02857142857142857,0.017735301809190977,0.010836126762237594,0.17293160136628266,0.0,1.6289623087841034,2.858599380790237,AKR1A1;GBE1;HMGN1;LAPTM4B;PEMT;PRG2

MYC-20876797,6,746,0.02857142857142857,0.017735301809190977,0.010836126762237594,0.17293160136628266,0.0,1.6289623087841034,2.858599380790237,AKR1A1;GBE1;HMGN1;LAPTM4B;PEMT;PRG2

MYC-18358816,6,746,0.02857142857142857,0.017735301809190977,0.010836126762237594,0.17293160136628266,0.0,1.6289623087841034,2.858599380790237,AKR1A1;GBE1;HMGN1;LAPTM4B;PEMT;PRG2

MYC-19079543,6,746,0.02857142857142857,0.017735301809190977,0.010836126762237594,0.17293160136628266,0.0,1.6289623087841034,2.858599380790237,AKR1A1;GBE1;HMGN1;LAPTM4B;PEMT;PRG2

MYC-18940864,6,746,0.02857142857142857,0.017735301809190977,0.010836126762237594,0.17293160136628266,0.0,1.6289623087841034,2.858599380790237,AKR1A1;GBE1;HMGN1;LAPTM4B;PEMT;PRG2

STAT4-19710469,13,1939,0.06190476190476191,0.04609752038608753,0.015807241518674374,0.17522506845213734,0.0,1.3655372097711154,2.3783343450891574,ATP5D;C3;CCL6;CLPX;EBP;MVD;NIPSNAP3A;PAPD4;PDIA3;PRDX2;TMEM30A;TPT1;ZFP36L1

TP63-19390658,1,40,0.004761904761904762,9.509545206000523E-4,0.00381095024130471,0.18476641085710577,0.0,5.026674641148325,8.488358955394215,FASN

TP63-17297297,1,40,0.004761904761904762,9.509545206000523E-4,0.00381095024130471,0.18476641085710577,0.0,5.026674641148325,8.488358955394215,FASN

MYBL1-21750041,2,161,0.009523809523809525,0.0038275919454152105,0.005696217578394314,0.19440337898103274,0.0,2.5025083612040135,4.098658257953951,FBP1;SUB1

FOXP2-21765815,8,1164,0.0380952380952381,0.02767277654946152,0.010422461545776578,0.22928601528086517,0.0,1.3915484331938348,2.0494517701194623,AKR1D1;DMGDH;EBP;NOTCH2;PKLR;PTTG1IP;RPSA;ZFP36L1

GABP-19822575,7,1001,0.03333333333333333,0.02379763687801631,0.009535696455317023,0.23676123027467702,0.0,1.4145165179647938,2.0378983506501482,ACOX1;ACP2;INSIG2;NCLN;PAPD4;PSMC1;TMEM30A

GABP-17652178,7,1001,0.03333333333333333,0.02379763687801631,0.009535696455317023,0.23676123027467702,0.0,1.4145165179647938,2.0378983506501482,ACOX1;ACP2;INSIG2;NCLN;PAPD4;PSMC1;TMEM30A

REST-21632747,17,2868,0.08095238095238096,0.06818343912702375,0.012768941825357205,0.2676034797194055,0.0,1.2037689422680857,1.5868671410298625,ACCN3;CLEC4F;CXXC5;DYNLL2;FADS1;FADS2;G0S2;GDI2;LRP1;NCLN;NUDT4;PAH;PPP1R3C;SC5D;SMAD5;SRD5A1;TPT1

REST-19997604,17,2868,0.08095238095238096,0.06818343912702375,0.012768941825357205,0.2676034797194055,0.0,1.2037689422680857,1.5868671410298625,ACCN3;CLEC4F;CXXC5;DYNLL2;FADS1;FADS2;G0S2;GDI2;LRP1;NCLN;NUDT4;PAH;PPP1R3C;SC5D;SMAD5;SRD5A1;TPT1

REST-18959480,17,2868,0.08095238095238096,0.06818343912702375,0.012768941825357205,0.2676034797194055,0.0,1.2037689422680857,1.5868671410298625,ACCN3;CLEC4F;CXXC5;DYNLL2;FADS1;FADS2;G0S2;GDI2;LRP1;NCLN;NUDT4;PAH;PPP1R3C;SC5D;SMAD5;SRD5A1;TPT1

ZIC3-20872845,3,365,0.014285714285714285,0.008677460000475477,0.005608254285238808,0.27659332584047347,0.0,1.6556680563827675,2.1278761580653507,TFRC;UBL3;ZFP36L1

SMAD3-18955504,9,1460,0.04285714285714286,0.03470984000190191,0.00814730285524095,0.3084865941003224,0.0,1.2452361480269882,1.4644934583856297,ABCB11;ACTA2;EHHADH;ERP29;HMGA2;MLYCD;PPIF;PRLR;TAGLN2

SMAD3-21741376,9,1460,0.04285714285714286,0.03470984000190191,0.00814730285524095,0.3084865941003224,0.0,1.2452361480269882,1.4644934583856297,ABCB11;ACTA2;EHHADH;ERP29;HMGA2;MLYCD;PPIF;PRLR;TAGLN2

PHC1-16625203,6,922,0.02857142857142857,0.021919501699831204,0.006651926871597366,0.31503388128282406,0.0,1.3123963251244097,1.5159162985194339,AVPR1A;CEBPA;EIF5;ERP29;HMGA2;PRPH1

POU3F2-20337985,10,1702,0.047619047619047616,0.04046311485153223,0.007155932767515388,0.3460989941694142,0.0,1.1856933019976499,1.2580566794378036,ALB;ATP2B1;GDI2;HMGA2;IBSP;LMAN1;NIPSNAP3A;NNT;RAD23B;SC4MOL

KLF1-20508144,7,1144,0.03333333333333333,0.027197299289161495,0.006136034044171838,0.3477160559094095,0.0,1.2333916083916083,1.3029167383539537,ALAS2;ARF5;MIF;NAPA;PPP1R3C;PRDX2;WBP2

GATA1-21571218,6,967,0.02857142857142857,0.022989325535506266,0.005582103035922305,0.3544326330885516,0.0,1.2499543767869092,1.296498908752683,ABCB11;BTG2;CXXC5;GC;PTTG1IP;TFRC

GATA1-19941827,6,967,0.02857142857142857,0.022989325535506266,0.005582103035922305,0.3544326330885516,0.0,1.2499543767869092,1.296498908752683,ABCB11;BTG2;CXXC5;GC;PTTG1IP;TFRC

GATA1-19941826,6,967,0.02857142857142857,0.022989325535506266,0.005582103035922305,0.3544326330885516,0.0,1.2499543767869092,1.296498908752683,ABCB11;BTG2;CXXC5;GC;PTTG1IP;TFRC

SCL-19346495,10,1784,0.047619047619047616,0.042412571618762336,0.00520647600028528,0.4006896797471281,0.0,1.128895739910314,1.0324519385110527,ACSL1;CXXC5;FADS2;IMMT;PMVK;PRDX4;PTTG1IP;RCBTB2;TSC22D1;VEGFA

SCL-21571218,10,1784,0.047619047619047616,0.042412571618762336,0.00520647600028528,0.4006896797471281,0.0,1.128895739910314,1.0324519385110527,ACSL1;CXXC5;FADS2;IMMT;PMVK;PRDX4;PTTG1IP;RCBTB2;TSC22D1;VEGFA

RCOR1-19997604,13,2378,0.06190476190476191,0.05653424624967311,0.005370515655088795,0.4095633693781751,0.0,1.1012645528170668,0.9830588237535315,ABCB11;ABCC6;ALAS2;CDH1;CYP7A1;DMGDH;FABP1;GBE1;GCK;INSIG2;NSDHL;S100A9;TMEM30A

SALL1-21062744,1,105,0.004761904761904762,0.0024962556165751375,0.002265649145329625,0.4105396793478733,0.0,1.9119617224880383,1.7021864326302862,NNT

STAT1-20625510,4,656,0.01904761904761905,0.015595654137840857,0.003451964909778192,0.4155782897678259,0.0,1.225639355908122,1.0762146261348187,ABI1;C3;CA3;TFRC

EWS-ERG-20517297,6,1038,0.02857142857142857,0.024677269809571356,0.0038941587618572145,0.41716199928982417,0.0,1.1624447466848011,1.0163029430473558,CLPX;CYP7A1;GSTA2;GSTM1;PSMA4;TFRC

MEIS1-20887958,8,1452,0.0380952380952381,0.0345196490977819,0.0035755889974561986,0.43963829047835,0.0,1.1076834956222894,0.9102975723960257,CANX;HMGA2;MLYCD;PGK1;PTTG1IP;SCCPDH;TFRC;VKORC1

GATA2-21666600,6,1111,0.02857142857142857,0.026412761809666452,0.0021586667617621187,0.48092660801080156,0.0,1.0841319426060252,0.7936286005809315,ABCB11;ATP5G3;CLU;CXXC5;FADS2;TSC22D1

GATA2-20887958,6,1111,0.02857142857142857,0.026412761809666452,0.0021586667617621187,0.48092660801080156,0.0,1.0841319426060252,0.7936286005809315,ABCB11;ATP5G3;CLU;CXXC5;FADS2;TSC22D1

GATA2-19941826,6,1111,0.02857142857142857,0.026412761809666452,0.0021586667617621187,0.48092660801080156,0.0,1.0841319426060252,0.7936286005809315,ABCB11;ATP5G3;CLU;CXXC5;FADS2;TSC22D1

GATA2-21571218,6,1111,0.02857142857142857,0.026412761809666452,0.0021586667617621187,0.48092660801080156,0.0,1.0841319426060252,0.7936286005809315,ABCB11;ATP5G3;CLU;CXXC5;FADS2;TSC22D1

DMRT1-21621532,1,132,0.004761904761904762,0.0031381499179801726,0.0016237548439245898,0.4848982577935581,0.0,1.5198999565028273,1.1001281923476747,ACLY

EST1-17652178,5,1001,0.023809523809523808,0.02379763687801631,1.1886931507498755E-5,0.5616131556970593,0.0,1.0005116834385128,0.5772372128253794,ACP2;LDHA;NCLN;PAPD4;WBP2

RCOR2-21632747,2,401,0.009523809523809525,0.009533319069015524,-9.509545205999698E-6,0.5965008248136892,0.0,0.9989929023594859,0.516154312863915,FADS1;PECR

EED-16625203,4,830,0.01904761904761905,0.019732306302451087,-6.846872548320372E-4,0.596645986441315,0.0,0.9646274418060591,0.49816383177302587,AVPR1A;CEBPA;HMGA2;TACR1

CTNNB1-20460455,3,637,0.014285714285714285,0.015143950740555833,-8.582364548415482E-4,0.6182732362919642,0.0,0.9425067685937251,0.45318061843497404,ALDH6A1;AMACR;ERP29

CTNNB1-20615089,3,637,0.014285714285714285,0.015143950740555833,-8.582364548415482E-4,0.6182732362919642,0.0,0.9425067685937251,0.45318061843497404,ALDH6A1;AMACR;ERP29

TBX3-20139965,5,1068,0.023809523809523808,0.025390485700021396,-0.0015809618904975876,0.6187693241353259,0.0,0.9362154014798576,0.4494046772502317,GBE1;NCLN;PEMT;PGK1;RAD23B

RNF2-16625203,6,1300,0.02857142857142857,0.0309060219195017,-0.0023345933480731287,0.6331335267347197,0.0,0.9222398190045248,0.4215317843535828,APOA1;ATP5C1;AVPR1A;CEBPA;HMGA2;PRKCDBP

RNF2-18974828,6,1300,0.02857142857142857,0.0309060219195017,-0.0023345933480731287,0.6331335267347197,0.0,0.9222398190045248,0.4215317843535828,APOA1;ATP5C1;AVPR1A;CEBPA;HMGA2;PRKCDBP

EZH2-18974828,6,1300,0.02857142857142857,0.0309060219195017,-0.0023345933480731287,0.6331335267347197,0.0,0.9222398190045248,0.4215317843535828,APOA1;ATP5C1;AVPR1A;CEBPA;HMGA2;PRKCDBP

BMI1-19503595,3,661,0.014285714285714285,0.015714523452915866,-0.0014288091672015803,0.6429965056021372,0.0,0.9077594334451534,0.4008810802306061,CEBPA;FAH;UPB1

ETS2-20176728,1,215,0.004761904761904762,0.005111380548225281,-3.494757863205184E-4,0.65987807878969,0.0,0.9313007677756759,0.3871419062350958,TAGLN2

MYCN-18555785,1,234,0.004761904761904762,0.005563083945510306,-8.011791836055439E-4,0.690742321461253,0.0,0.8552938289780394,0.3164488222334539,TMEM97

MYCN-21190229,1,234,0.004761904761904762,0.005563083945510306,-8.011791836055439E-4,0.690742321461253,0.0,0.8552938289780394,0.3164488222334539,TMEM97

MYCN-19997598,1,234,0.004761904761904762,0.005563083945510306,-8.011791836055439E-4,0.690742321461253,0.0,0.8552938289780394,0.3164488222334539,TMEM97

STAT6-20620947,2,508,0.009523809523809525,0.012077122411620664,-0.002553312887811139,0.7221494297253972,0.0,0.7865498182919443,0.25604020997556326,CDC42;SUB1

JARID2-20075857,4,1117,0.01904761904761905,0.02655540498775646,-0.007507785940137412,0.8104518919495519,0.0,0.7117886850179486,0.14959185580234868,AVPR1A;CEBPA;EIF5;HMGA2

JARID2-20064375,4,1117,0.01904761904761905,0.02655540498775646,-0.007507785940137412,0.8104518919495519,0.0,0.7117886850179486,0.14959185580234868,AVPR1A;CEBPA;EIF5;HMGA2

SUZ12-18974828,4,1270,0.01904761904761905,0.03019280602905166,-0.01114518698143261,0.8802436084064539,0.0,0.6236984939989297,0.07955684814606882,AVPR1A;CEBPA;ERP29;HMGA2

SUZ12-20075857,4,1270,0.01904761904761905,0.03019280602905166,-0.01114518698143261,0.8802436084064539,0.0,0.6236984939989297,0.07955684814606882,AVPR1A;CEBPA;ERP29;HMGA2

SUZ12-18692474,4,1270,0.01904761904761905,0.03019280602905166,-0.01114518698143261,0.8802436084064539,0.0,0.6236984939989297,0.07955684814606882,AVPR1A;CEBPA;ERP29;HMGA2

SUZ12-18555785,4,1270,0.01904761904761905,0.03019280602905166,-0.01114518698143261,0.8802436084064539,0.0,0.6236984939989297,0.07955684814606882,AVPR1A;CEBPA;ERP29;HMGA2

SUZ12-16625203,4,1270,0.01904761904761905,0.03019280602905166,-0.01114518698143261,0.8802436084064539,0.0,0.6236984939989297,0.07955684814606882,AVPR1A;CEBPA;ERP29;HMGA2

